Workbook

Sheet Day1
G1: Meeting Information:
K2: Start | L2: End
K3: 0.375 | L3: 0.70833333
B9: Docker & K8s Fundamentals, Day 1
C12: Start | D12: Stop | E12: Duration | F12: Topic | L12: Presenter | M12: Comment
B13: =F13 -> 1 | C13: =IF(E13="Select","",IF(AND(F13=1,E13<>"Select"),$K$3,OFFSET(C13,-1,1))) -> 0.375 | D13: =IF(ISERROR(E13+C13),"",E13+C13) -> 0.39583333 | E13: 0.020833333 | F13: =ROW()-ROW(OFFSET(F13,-1,))+IF(ISERROR(OFFSET(F13,-1,)*1),0,OFFSET(F13,-1,)) -> 1 | G13: Introduction + Expectations | L13: All
B14: =F14 -> 2 | C14: =IF(E14="Select","",IF(AND(F14=1,E14<>"Select"),$K$3,OFFSET(C14,-1,1))) -> 0.39583333 | D14: =IF(ISERROR(E14+C14),"",E14+C14) -> 0.41666667 | E14: 0.020833333 | F14: =ROW()-ROW(OFFSET(F14,-1,))+IF(ISERROR(OFFSET(F14,-1,)*1),0,OFFSET(F14,-1,)) -> 2 | G14: Presentation: Why Docker & Kubernetes | M14: 00_why_docker_k8s.pptx
B15: =F15 -> 3 | C15: =IF(E15="Select","",IF(AND(F15=1,E15<>"Select"),$K$3,OFFSET(C15,-1,1))) -> 0.41666667 | D15: =IF(ISERROR(E15+C15),"",E15+C15) -> 0.42361111 | E15: 0.0069444444 | F15: =ROW()-ROW(OFFSET(F15,-1,))+IF(ISERROR(OFFSET(F15,-1,)*1),0,OFFSET(F15,-1,)) -> 3 | G15: Break
B16: =F16 -> 4 | C16: =IF(E16="Select","",IF(AND(F16=1,E16<>"Select"),$K$3,OFFSET(C16,-1,1))) -> 0.42361111 | D16: =IF(ISERROR(E16+C16),"",E16+C16) -> 0.45833333 | E16: 0.034722222 | F16: =ROW()-ROW(OFFSET(F16,-1,))+IF(ISERROR(OFFSET(F16,-1,)*1),0,OFFSET(F16,-1,)) -> 4 | G16: Presentation: Linux building blocks: containers under the hood | M16: 01_Basics_of_containers.pptx
B17: =F17 -> 5 | C17: =IF(E17="Select","",IF(AND(F17=1,E17<>"Select"),$K$3,OFFSET(C17,-1,1))) -> 0.45833333 | D17: =IF(ISERROR(E17+C17),"",E17+C17) -> 0.5 | E17: 0.041666667 | F17: =ROW()-ROW(OFFSET(F17,-1,))+IF(ISERROR(OFFSET(F17,-1,)*1),0,OFFSET(F17,-1,)) -> 5 | G17: Presentation + type along exercise: Container lifecycle | M17: 02_Container_Lifecycle.pptx
B18: =F18 -> 6 | C18: =IF(E18="Select","",IF(AND(F18=1,E18<>"Select"),$K$3,OFFSET(C18,-1,1))) -> 0.5 | D18: =IF(ISERROR(E18+C18),"",E18+C18) -> 0.54166667 | E18: 0.041666667 | F18: =ROW()-ROW(OFFSET(F18,-1,))+IF(ISERROR(OFFSET(F18,-1,)*1),0,OFFSET(F18,-1,)) -> 6 | G18: Lunch Break
B19: =F19 -> 7 | C19: =IF(E19="Select","",IF(AND(F19=1,E19<>"Select"),$K$3,OFFSET(C19,-1,1))) -> 0.54166667 | D19: =IF(ISERROR(E19+C19),"",E19+C19) -> 0.57638889 | E19: 0.034722222 | F19: =ROW()-ROW(OFFSET(F19,-1,))+IF(ISERROR(OFFSET(F19,-1,)*1),0,OFFSET(F19,-1,)) -> 7 | G19: Presentation: Image lifecycle and Dockerfiles | M19: 03_Image_Lifecycle.pptx
B20: =F20 -> 8 | C20: =IF(E20="Select","",IF(AND(F20=1,E20<>"Select"),$K$3,OFFSET(C20,-1,1))) -> 0.57638889 | D20: =IF(ISERROR(E20+C20),"",E20+C20) -> 0.59027778 | E20: 0.013888889 | F20: =ROW()-ROW(OFFSET(F20,-1,))+IF(ISERROR(OFFSET(F20,-1,)*1),0,OFFSET(F20,-1,)) -> 8 | G20: Exercise: Dockerfiles | M20: Exercise_1_Dockerfiles.md
B21: =F21 -> 9 | C21: =IF(E21="Select","",IF(AND(F21=1,E21<>"Select"),$K$3,OFFSET(C21,-1,1))) -> 0.59027778 | D21: =IF(ISERROR(E21+C21),"",E21+C21) -> 0.60763889 | E21: 0.017361111 | F21: =ROW()-ROW(OFFSET(F21,-1,))+IF(ISERROR(OFFSET(F21,-1,)*1),0,OFFSET(F21,-1,)) -> 9 | G21: Exercise: Multistage Dockerfiles | M21: Exercise_2_Multistage_Dockerfiles.md
B22: =F22 -> 10 | C22: =IF(E22="Select","",IF(AND(F22=1,E22<>"Select"),$K$3,OFFSET(C22,-1,1))) -> 0.60763889 | D22: =IF(ISERROR(E22+C22),"",E22+C22) -> 0.62152778 | E22: 0.013888889 | F22: =ROW()-ROW(OFFSET(F22,-1,))+IF(ISERROR(OFFSET(F22,-1,)*1),0,OFFSET(F22,-1,)) -> 10 | G22: Type along exercise: upload images to the registry | M22: 03_Image_Lifecycle.pptx
B23: =F23 -> 11 | C23: =IF(E23="Select","",IF(AND(F23=1,E23<>"Select"),$K$3,OFFSET(C23,-1,1))) -> 0.62152778 | D23: =IF(ISERROR(E23+C23),"",E23+C23) -> 0.63194444 | E23: 0.010416667 | F23: =ROW()-ROW(OFFSET(F23,-1,))+IF(ISERROR(OFFSET(F23,-1,)*1),0,OFFSET(F23,-1,)) -> 11 | G23: Break
B24: =F24 -> 12 | C24: =IF(E24="Select","",IF(AND(F24=1,E24<>"Select"),$K$3,OFFSET(C24,-1,1))) -> 0.63194444 | D24: =IF(ISERROR(E24+C24),"",E24+C24) -> 0.66666667 | E24: 0.034722222 | F24: =ROW()-ROW(OFFSET(F24,-1,))+IF(ISERROR(OFFSET(F24,-1,)*1),0,OFFSET(F24,-1,)) -> 12 | G24: Presentation: Working locally | M24: 04_Working_locally.pptx
B25: =F25 -> 13 | C25: =IF(E25="Select","",IF(AND(F25=1,E25<>"Select"),$K$3,OFFSET(C25,-1,1))) -> 0.66666667 | D25: =IF(ISERROR(E25+C25),"",E25+C25) -> 0.69444444 | E25: 0.027777778 | F25: =ROW()-ROW(OFFSET(F25,-1,))+IF(ISERROR(OFFSET(F25,-1,)*1),0,OFFSET(F25,-1,)) -> 13 | G25: Exercise: Ports and Volumes | M25: Exercise_3_Ports_Volumes.md
B26: =F26 -> 14 | C26: =IF(E26="Select","",IF(AND(F26=1,E26<>"Select"),$K$3,OFFSET(C26,-1,1))) -> 0.69444444 | D26: =IF(ISERROR(E26+C26),"",E26+C26) -> 0.70833333 | E26: 0.013888889 | F26: =ROW()-ROW(OFFSET(F26,-1,))+IF(ISERROR(OFFSET(F26,-1,)*1),0,OFFSET(F26,-1,)) -> 14 | G26: Q&A, Feedback
E27: =SUM(E13:E26) -> 0.33333333
B30: NOTE: To move topics please cut the entire row, and use "insert cut cells" from the contect menu - not simple "paste"!

Sheet Day 2
G1: Meeting Information:
K2: Start | L2: End
K3: 0.375 | L3: 0.70833333
B9: Docker & K8s Fundamentals, Day 2
C12: Start | D12: Stop | E12: Duration | F12: Topic | L12: Presenter | M12: Comment
B13: =F13 -> 1 | C13: =IF(E13="Select","",IF(AND(F13=1,E13<>"Select"),$K$3,OFFSET(C13,-1,1))) -> 0.375 | D13: =IF(ISERROR(E13+C13),"",E13+C13) -> 0.39583333 | E13: 0.020833333 | F13: =ROW()-ROW(OFFSET(F13,-1,))+IF(ISERROR(OFFSET(F13,-1,)*1),0,OFFSET(F13,-1,)) -> 1 | G13: Summary of day 1, Starting day 2
B14: =F14 -> 2 | C14: =IF(E14="Select","",IF(AND(F14=1,E14<>"Select"),'Day1'!$K$3,OFFSET(C14,-1,1))) -> 0.39583333 | D14: =IF(ISERROR(E14+C14),"",E14+C14) -> 0.40972222 | E14: 0.013888889 | F14: =ROW()-ROW(OFFSET(F14,-1,))+IF(ISERROR(OFFSET(F14,-1,)*1),0,OFFSET(F14,-1,)) -> 2 | G14: Presentation: K8s Intro | M14: 00_intro.pptx
B15: =F15 -> 3 | C15: =IF(E15="Select","",IF(AND(F15=1,E15<>"Select"),'Day1'!$K$3,OFFSET(C15,-1,1))) -> 0.40972222 | D15: =IF(ISERROR(E15+C15),"",E15+C15) -> 0.45138889 | E15: 0.041666667 | F15: =ROW()-ROW(OFFSET(F15,-1,))+IF(ISERROR(OFFSET(F15,-1,)*1),0,OFFSET(F15,-1,)) -> 3 | G15: Presentation: K8s Core Components | M15: 01_k8s_core_components.pptx
B16: =F16 -> 4 | C16: =IF(E16="Select","",IF(AND(F16=1,E16<>"Select"),$K$3,OFFSET(C16,-1,1))) -> 0.45138889 | D16: =IF(ISERROR(E16+C16),"",E16+C16) -> 0.45833333 | E16: 0.0069444444 | F16: =ROW()-ROW(OFFSET(F16,-1,))+IF(ISERROR(OFFSET(F16,-1,)*1),0,OFFSET(F16,-1,)) -> 4 | G16: Break
B17: =F17 -> 5 | C17: =IF(E17="Select","",IF(AND(F17=1,E17<>"Select"),$K$3,OFFSET(C17,-1,1))) -> 0.45833333 | D17: =IF(ISERROR(E17+C17),"",E17+C17) -> 0.46527778 | E17: 0.0069444444 | F17: =ROW()-ROW(OFFSET(F17,-1,))+IF(ISERROR(OFFSET(F17,-1,)*1),0,OFFSET(F17,-1,)) -> 5 | G17: Hand out kubeconfigs
B18: =F18 -> 6 | C18: =IF(E18="Select","",IF(AND(F18=1,E18<>"Select"),$K$3,OFFSET(C18,-1,1))) -> 0.46527778 | D18: =IF(ISERROR(E18+C18),"",E18+C18) -> 0.47916667 | E18: 0.013888889 | F18: =ROW()-ROW(OFFSET(F18,-1,))+IF(ISERROR(OFFSET(F18,-1,)*1),0,OFFSET(F18,-1,)) -> 6 | G18: Exercise: Kubectl Basics | M18: exercise_01_kubectl_basics.md
B19: =F19 -> 7 | C19: =IF(E19="Select","",IF(AND(F19=1,E19<>"Select"),$K$3,OFFSET(C19,-1,1))) -> 0.47916667 | D19: =IF(ISERROR(E19+C19),"",E19+C19) -> 0.5 | E19: 0.020833333 | F19: =ROW()-ROW(OFFSET(F19,-1,))+IF(ISERROR(OFFSET(F19,-1,)*1),0,OFFSET(F19,-1,)) -> 7 | G19: Presentation: Pods | M19: 02_pods.pptx
B20: =F20 -> 8 | C20: =IF(E20="Select","",IF(AND(F20=1,E20<>"Select"),$K$3,OFFSET(C20,-1,1))) -> 0.5 | D20: =IF(ISERROR(E20+C20),"",E20+C20) -> 0.54166667 | E20: 0.041666667 | F20: =ROW()-ROW(OFFSET(F20,-1,))+IF(ISERROR(OFFSET(F20,-1,)*1),0,OFFSET(F20,-1,)) -> 8 | G20: Lunch Break
B21: =F21 -> 9 | C21: =IF(E21="Select","",IF(AND(F21=1,E21<>"Select"),$K$3,OFFSET(C21,-1,1))) -> 0.54166667 | D21: =IF(ISERROR(E21+C21),"",E21+C21) -> 0.55555556 | E21: 0.013888889 | F21: =ROW()-ROW(OFFSET(F21,-1,))+IF(ISERROR(OFFSET(F21,-1,)*1),0,OFFSET(F21,-1,)) -> 9 | G21: Exercise: Create a Pod | M21: exercise_02_create_pod.md
B22: =F22 -> 10 | C22: =IF(E22="Select","",IF(AND(F22=1,E22<>"Select"),$K$3,OFFSET(C22,-1,1))) -> 0.55555556 | D22: =IF(ISERROR(E22+C22),"",E22+C22) -> 0.58333333 | E22: 0.027777778 | F22: =ROW()-ROW(OFFSET(F22,-1,))+IF(ISERROR(OFFSET(F22,-1,)*1),0,OFFSET(F22,-1,)) -> 10 | G22: Presentation: Labels & Deployments | M22: 03_labels_and_deployments.pptx
B23: =F23 -> 11 | C23: =IF(E23="Select","",IF(AND(F23=1,E23<>"Select"),$K$3,OFFSET(C23,-1,1))) -> 0.58333333 | D23: =IF(ISERROR(E23+C23),"",E23+C23) -> 0.60069444 | E23: 0.017361111 | F23: =ROW()-ROW(OFFSET(F23,-1,))+IF(ISERROR(OFFSET(F23,-1,)*1),0,OFFSET(F23,-1,)) -> 11 | G23: Exercise: Deployments | M23: exercise_03_deployment.md
B24: =F24 -> 12 | C24: =IF(E24="Select","",IF(AND(F24=1,E24<>"Select"),$K$3,OFFSET(C24,-1,1))) -> 0.60069444 | D24: =IF(ISERROR(E24+C24),"",E24+C24) -> 0.61111111 | E24: 0.010416667 | F24: =ROW()-ROW(OFFSET(F24,-1,))+IF(ISERROR(OFFSET(F24,-1,)*1),0,OFFSET(F24,-1,)) -> 12 | G24: Break
B25: =F25 -> 13 | C25: =IF(E25="Select","",IF(AND(F25=1,E25<>"Select"),$K$3,OFFSET(C25,-1,1))) -> 0.61111111 | D25: =IF(ISERROR(E25+C25),"",E25+C25) -> 0.63888889 | E25: 0.027777778 | F25: =ROW()-ROW(OFFSET(F25,-1,))+IF(ISERROR(OFFSET(F25,-1,)*1),0,OFFSET(F25,-1,)) -> 13 | G25: Presentation: Services | M25: 04_networking_services.pptx
B26: =F26 -> 14 | C26: =IF(E26="Select","",IF(AND(F26=1,E26<>"Select"),$K$3,OFFSET(C26,-1,1))) -> 0.63888889 | D26: =IF(ISERROR(E26+C26),"",E26+C26) -> 0.65277778 | E26: 0.013888889 | F26: =ROW()-ROW(OFFSET(F26,-1,))+IF(ISERROR(OFFSET(F26,-1,)*1),0,OFFSET(F26,-1,)) -> 14 | G26: Exercise: Services | M26: exercise_04_services.md
B27: =F27 -> 15 | C27: =IF(E27="Select","",IF(AND(F27=1,E27<>"Select"),$K$3,OFFSET(C27,-1,1))) -> 0.65277778 | D27: =IF(ISERROR(E27+C27),"",E27+C27) -> 0.68402778 | E27: 0.03125 | F27: =ROW()-ROW(OFFSET(F27,-1,))+IF(ISERROR(OFFSET(F27,-1,)*1),0,OFFSET(F27,-1,)) -> 15 | G27: Presentation: Storage API in K8s | M27: 05_persistence.pptx
B28: =F28 -> 16 | C28: =IF(E28="Select","",IF(AND(F28=1,E28<>"Select"),$K$3,OFFSET(C28,-1,1))) -> 0.68402778 | D28: =IF(ISERROR(E28+C28),"",E28+C28) -> 0.70138889 | E28: 0.017361111 | F28: =ROW()-ROW(OFFSET(F28,-1,))+IF(ISERROR(OFFSET(F28,-1,)*1),0,OFFSET(F28,-1,)) -> 16 | G28: Exercise: Persistence | M28: exercise_05_persistence.md
B29: =F29 -> 17 | C29: =IF(E29="Select","",IF(AND(F29=1,E29<>"Select"),$K$3,OFFSET(C29,-1,1))) -> 0.70138889 | D29: =IF(ISERROR(E29+C29),"",E29+C29) -> 0.70833333 | E29: 0.0069444444 | F29: =ROW()-ROW(OFFSET(F29,-1,))+IF(ISERROR(OFFSET(F29,-1,)*1),0,OFFSET(F29,-1,)) -> 17 | G29: Closing
E30: =SUM(E13:E29) -> 0.33333333
B33: NOTE: To move topics please cut the entire row, and use "insert cut cells" from the contect menu - not simple "paste"!

Sheet Day 3
G1: Meeting Information:
K2: Start | L2: End
K3: 0.375 | L3: 0.70833333
B9: Docker & K8s Fundamentals, Day 3
C12: Start | D12: Stop | E12: Duration | F12: Topic | L12: Presenter | M12: Comment
B13: =F13 -> 1 | C13: =IF(E13="Select","",IF(AND(F13=1,E13<>"Select"),$K$3,OFFSET(C13,-1,1))) -> 0.375 | D13: =IF(ISERROR(E13+C13),"",E13+C13) -> 0.39583333 | E13: 0.020833333 | F13: =ROW()-ROW(OFFSET(F13,-1,))+IF(ISERROR(OFFSET(F13,-1,)*1),0,OFFSET(F13,-1,)) -> 1 | G13: Summary of day 2, Starting day 3
B14: =F14 -> 2 | C14: =IF(E14="Select","",IF(AND(F14=1,E14<>"Select"),'Day 2'!$K$3,OFFSET(C14,-1,1))) -> 0.39583333 | D14: =IF(ISERROR(E14+C14),"",E14+C14) -> 0.41666667 | E14: 0.020833333 | F14: =ROW()-ROW(OFFSET(F14,-1,))+IF(ISERROR(OFFSET(F14,-1,)*1),0,OFFSET(F14,-1,)) -> 2 | G14: Presentation: Troubleshooting | M14: 06_troubleshooting.pptx
B15: =F15 -> 3 | C15: =IF(E15="Select","",IF(AND(F15=1,E15<>"Select"),$K$3,OFFSET(C15,-1,1))) -> 0.41666667 | D15: =IF(ISERROR(E15+C15),"",E15+C15) -> 0.44444444 | E15: 0.027777778 | F15: =ROW()-ROW(OFFSET(F15,-1,))+IF(ISERROR(OFFSET(F15,-1,)*1),0,OFFSET(F15,-1,)) -> 3 | G15: Presentation: ConfigMaps and Secrets | M15: 07_configmap_secrets.pptx
B16: =F16 -> 4 | C16: =IF(E16="Select","",IF(AND(F16=1,E16<>"Select"),'Day 3'!$K$3,OFFSET(C16,-1,1))) -> 0.44444444 | D16: =IF(ISERROR(E16+C16),"",E16+C16) -> 0.45138889 | E16: 0.0069444444 | F16: =ROW()-ROW(OFFSET(F16,-1,))+IF(ISERROR(OFFSET(F16,-1,)*1),0,OFFSET(F16,-1,)) -> 4 | G16: Break
B17: =F17 -> 5 | C17: =IF(E17="Select","",IF(AND(F17=1,E17<>"Select"),'Day 3'!$K$3,OFFSET(C17,-1,1))) -> 0.45138889 | D17: =IF(ISERROR(E17+C17),"",E17+C17) -> 0.47916667 | E17: 0.027777778 | F17: =ROW()-ROW(OFFSET(F17,-1,))+IF(ISERROR(OFFSET(F17,-1,)*1),0,OFFSET(F17,-1,)) -> 5 | G17: Exercise: ConfigMaps and Secrets | M17: exercise_06_configmaps_secrets.md
B18: =F18 -> 6 | C18: =IF(E18="Select","",IF(AND(F18=1,E18<>"Select"),$K$3,OFFSET(C18,-1,1))) -> 0.47916667 | D18: =IF(ISERROR(E18+C18),"",E18+C18) -> 0.50694444 | E18: 0.027777778 | F18: =ROW()-ROW(OFFSET(F18,-1,))+IF(ISERROR(OFFSET(F18,-1,)*1),0,OFFSET(F18,-1,)) -> 6 | G18: Presentation: Ingress | M18: 09_ingress.pptx
B19: =F19 -> 7 | C19: =IF(E19="Select","",IF(AND(F19=1,E19<>"Select"),$K$3,OFFSET(C19,-1,1))) -> 0.50694444 | D19: =IF(ISERROR(E19+C19),"",E19+C19) -> 0.54861111 | E19: 0.041666667 | F19: =ROW()-ROW(OFFSET(F19,-1,))+IF(ISERROR(OFFSET(F19,-1,)*1),0,OFFSET(F19,-1,)) -> 7 | G19: Lunch Break
B20: =F20 -> 8 | C20: =IF(E20="Select","",IF(AND(F20=1,E20<>"Select"),$K$3,OFFSET(C20,-1,1))) -> 0.54861111 | D20: =IF(ISERROR(E20+C20),"",E20+C20) -> 0.56944444 | E20: 0.020833333 | F20: =ROW()-ROW(OFFSET(F20,-1,))+IF(ISERROR(OFFSET(F20,-1,)*1),0,OFFSET(F20,-1,)) -> 8 | G20: Exercise: Ingress | M20: exercise_07_ingress.md
B21: =F21 -> 9 | C21: =IF(E21="Select","",IF(AND(F21=1,E21<>"Select"),$K$3,OFFSET(C21,-1,1))) -> 0.56944444 | D21: =IF(ISERROR(E21+C21),"",E21+C21) -> 0.59722222 | E21: 0.027777778 | F21: =ROW()-ROW(OFFSET(F21,-1,))+IF(ISERROR(OFFSET(F21,-1,)*1),0,OFFSET(F21,-1,)) -> 9 | G21: Presentation: Statefulsets | M21: 10_statefulset.pptx
B22: =F22 -> 10 | C22: =IF(E22="Select","",IF(AND(F22=1,E22<>"Select"),$K$3,OFFSET(C22,-1,1))) -> 0.59722222 | D22: =IF(ISERROR(E22+C22),"",E22+C22) -> 0.61805556 | E22: 0.020833333 | F22: =ROW()-ROW(OFFSET(F22,-1,))+IF(ISERROR(OFFSET(F22,-1,)*1),0,OFFSET(F22,-1,)) -> 10 | G22: Exercise: Statefulsets | M22: exercise_08_statefulset.md
B23: =F23 -> 11 | C23: =IF(E23="Select","",IF(AND(F23=1,E23<>"Select"),$K$3,OFFSET(C23,-1,1))) -> 0.61805556 | D23: =IF(ISERROR(E23+C23),"",E23+C23) -> 0.625 | E23: 0.0069444444 | F23: =ROW()-ROW(OFFSET(F23,-1,))+IF(ISERROR(OFFSET(F23,-1,)*1),0,OFFSET(F23,-1,)) -> 11 | G23: Break
B24: =F24 -> 12 | C24: =IF(E24="Select","",IF(AND(F24=1,E24<>"Select"),$K$3,OFFSET(C24,-1,1))) -> 0.625 | D24: =IF(ISERROR(E24+C24),"",E24+C24) -> 0.66666667 | E24: 0.041666667 | F24: =ROW()-ROW(OFFSET(F24,-1,))+IF(ISERROR(OFFSET(F24,-1,)*1),0,OFFSET(F24,-1,)) -> 12 | G24: Presentation: RBAC, resource limits … | M24: 11_1_accessControll_and_resourceConsumption.pptx
B25: =F25 -> 13 | C25: =IF(E25="Select","",IF(AND(F25=1,E25<>"Select"),$K$3,OFFSET(C25,-1,1))) -> 0.66666667 | D25: =IF(ISERROR(E25+C25),"",E25+C25) -> 0.6875 | E25: 0.020833333 | F25: =ROW()-ROW(OFFSET(F25,-1,))+IF(ISERROR(OFFSET(F25,-1,)*1),0,OFFSET(F25,-1,)) -> 13 | G25: Presentation: Security & Networkpolicies | M25: 11_2_security.pptx
B26: =F26 -> 14 | C26: =IF(E26="Select","",IF(AND(F26=1,E26<>"Select"),$K$3,OFFSET(C26,-1,1))) -> 0.6875 | D26: =IF(ISERROR(E26+C26),"",E26+C26) -> 0.70138889 | E26: 0.013888889 | F26: =ROW()-ROW(OFFSET(F26,-1,))+IF(ISERROR(OFFSET(F26,-1,)*1),0,OFFSET(F26,-1,)) -> 14 | G26: Exercise: Networkpolicies | M26: exercise_09_network_policy.md
B27: =F27 -> 15 | C27: =IF(E27="Select","",IF(AND(F27=1,E27<>"Select"),$K$3,OFFSET(C27,-1,1))) -> 0.70138889 | D27: =IF(ISERROR(E27+C27),"",E27+C27) -> 0.70833333 | E27: 0.0069444444 | F27: =ROW()-ROW(OFFSET(F27,-1,))+IF(ISERROR(OFFSET(F27,-1,)*1),0,OFFSET(F27,-1,)) -> 15 | G27: Closing
E28: =SUM(E13:E27) -> 0.33333333
B31: NOTE: To move topics please cut the entire row, and use "insert cut cells" from the contect menu - not simple "paste"!

Sheet Day 4
G1: Meeting Information:
K2: Start | L2: End
K3: 0.375 | L3: 0.70833333
B9: Docker & K8s Fundamentals, Day 4
C12: Start | D12: Stop | E12: Duration | F12: Topic | L12: Presenter | M12: Comment
B13: =F13 -> 1 | C13: =IF(E13="Select","",IF(AND(F13=1,E13<>"Select"),$K$3,OFFSET(C13,-1,1))) -> 0.375 | D13: =IF(ISERROR(E13+C13),"",E13+C13) -> 0.39583333 | E13: 0.020833333 | F13: =ROW()-ROW(OFFSET(F13,-1,))+IF(ISERROR(OFFSET(F13,-1,)*1),0,OFFSET(F13,-1,)) -> 1 | G13: Summary of day 3, Starting day 4
B14: =F14 -> 2 | C14: =IF(E14="Select","",IF(AND(F14=1,E14<>"Select"),$K$3,OFFSET(C14,-1,1))) -> 0.39583333 | D14: =IF(ISERROR(E14+C14),"",E14+C14) -> 0.4375 | E14: 0.041666667 | F14: =ROW()-ROW(OFFSET(F14,-1,))+IF(ISERROR(OFFSET(F14,-1,)*1),0,OFFSET(F14,-1,)) -> 2 | G14: Presentation Jobs, CRDs, … | M14: 11_3_morePods_Scheduling.pptx
B15: =F15 -> 3 | C15: =IF(E15="Select","",IF(AND(F15=1,E15<>"Select"),$K$3,OFFSET(C15,-1,1))) -> 0.4375 | D15: =IF(ISERROR(E15+C15),"",E15+C15) -> 0.44444444 | E15: 0.0069444444 | F15: =ROW()-ROW(OFFSET(F15,-1,))+IF(ISERROR(OFFSET(F15,-1,)*1),0,OFFSET(F15,-1,)) -> 3 | G15: Break
B16: =F16 -> 4 | C16: =IF(E16="Select","",IF(AND(F16=1,E16<>"Select"),$K$3,OFFSET(C16,-1,1))) -> 0.44444444 | D16: =IF(ISERROR(E16+C16),"",E16+C16) -> 0.47222222 | E16: 0.027777778 | F16: =ROW()-ROW(OFFSET(F16,-1,))+IF(ISERROR(OFFSET(F16,-1,)*1),0,OFFSET(F16,-1,)) -> 4 | G16: Presentation: Gardener | M16: 11_4_Gardener.pptx | P16: Presentation: Introducing the Fortune Cookies App
B17: =F17 -> 5 | C17: =IF(E17="Select","",IF(AND(F17=1,E17<>"Select"),$K$3,OFFSET(C17,-1,1))) -> 0.47222222 | D17: =IF(ISERROR(E17+C17),"",E17+C17) -> 0.47916667 | E17: 0.0069444444 | F17: =ROW()-ROW(OFFSET(F17,-1,))+IF(ISERROR(OFFSET(F17,-1,)*1),0,OFFSET(F17,-1,)) -> 5 | G17: Break | P17: Exercise: Fortune Cookies
B18: =F18 -> 6 | C18: =IF(E18="Select","",IF(AND(F18=1,E18<>"Select"),$K$3,OFFSET(C18,-1,1))) -> 0.47916667 | D18: =IF(ISERROR(E18+C18),"",E18+C18) -> 0.5 | E18: 0.020833333 | F18: =ROW()-ROW(OFFSET(F18,-1,))+IF(ISERROR(OFFSET(F18,-1,)*1),0,OFFSET(F18,-1,)) -> 6 | G18: Presentation Helm | M18: 12_helm.pptx | P18: Break
B19: =F19 -> 7 | C19: =IF(E19="Select","",IF(AND(F19=1,E19<>"Select"),$K$3,OFFSET(C19,-1,1))) -> 0.5 | D19: =IF(ISERROR(E19+C19),"",E19+C19) -> 0.54166667 | E19: 0.041666667 | F19: =ROW()-ROW(OFFSET(F19,-1,))+IF(ISERROR(OFFSET(F19,-1,)*1),0,OFFSET(F19,-1,)) -> 7 | G19: Lunch Break | M19: exercise_10_helm_basics.md | P19: Ask Participants to fill out feedback form
B20: =F20 -> 8 | C20: =IF(E20="Select","",IF(AND(F20=1,E20<>"Select"),$K$3,OFFSET(C20,-1,1))) -> 0.54166667 | D20: =IF(ISERROR(E20+C20),"",E20+C20) -> 0.5625 | E20: 0.020833333 | F20: =ROW()-ROW(OFFSET(F20,-1,))+IF(ISERROR(OFFSET(F20,-1,)*1),0,OFFSET(F20,-1,)) -> 8 | G20: Exercise: Helm Basics | M20: fortune-cookies.pptx | P20: Ask for feedback in the call (in case anyone wants to give some)
B21: =F21 -> 9 | C21: =IF(E21="Select","",IF(AND(F21=1,E21<>"Select"),$K$3,OFFSET(C21,-1,1))) -> 0.5625 | D21: =IF(ISERROR(E21+C21),"",E21+C21) -> 0.57638889 | E21: 0.013888889 | F21: =ROW()-ROW(OFFSET(F21,-1,))+IF(ISERROR(OFFSET(F21,-1,)*1),0,OFFSET(F21,-1,)) -> 9 | G21: Presentation: Introducing the Fortune Cookies App | M21: ./sample-app/*.md | P21: Exercise: Fortune Cookies
B22: =F22 -> 10 | C22: =IF(E22="Select","",IF(AND(F22=1,E22<>"Select"),$K$3,OFFSET(C22,-1,1))) -> 0.57638889 | D22: =IF(ISERROR(E22+C22),"",E22+C22) -> 0.58333333 | E22: 0.0069444444 | F22: =ROW()-ROW(OFFSET(F22,-1,))+IF(ISERROR(OFFSET(F22,-1,)*1),0,OFFSET(F22,-1,)) -> 10 | G22: Ask Participants to fill out feedback form | P22: Closing
B23: =F23 -> 11 | C23: =IF(E23="Select","",IF(AND(F23=1,E23<>"Select"),$K$3,OFFSET(C23,-1,1))) -> 0.58333333 | D23: =IF(ISERROR(E23+C23),"",E23+C23) -> 0.59027778 | E23: 0.0069444444 | F23: =ROW()-ROW(OFFSET(F23,-1,))+IF(ISERROR(OFFSET(F23,-1,)*1),0,OFFSET(F23,-1,)) -> 11 | G23: Ask for feedback in the call (in case anyone wants to give some)
B24: =F24 -> 12 | C24: =IF(E24="Select","",IF(AND(F24=1,E24<>"Select"),$K$3,OFFSET(C24,-1,1))) -> 0.59027778 | D24: =IF(ISERROR(E24+C24),"",E24+C24) -> 0.59722222 | E24: 0.0069444444 | F24: =ROW()-ROW(OFFSET(F24,-1,))+IF(ISERROR(OFFSET(F24,-1,)*1),0,OFFSET(F24,-1,)) -> 12 | G24: Break
B25: =F25 -> 13 | C25: =IF(E25="Select","",IF(AND(F25=1,E25<>"Select"),$K$3,OFFSET(C25,-1,1))) -> 0.59722222 | D25: =IF(ISERROR(E25+C25),"",E25+C25) -> 0.70138889 | E25: 0.10416667 | F25: =ROW()-ROW(OFFSET(F25,-1,))+IF(ISERROR(OFFSET(F25,-1,)*1),0,OFFSET(F25,-1,)) -> 13 | G25: Exercise: Fortune Cookies with Breaks as you see fit
B26: =F26 -> 14 | C26: =IF(E26="Select","",IF(AND(F26=1,E26<>"Select"),$K$3,OFFSET(C26,-1,1))) -> 0.70138889 | D26: =IF(ISERROR(E26+C26),"",E26+C26) -> 0.70138889 | E26: 0 | F26: =ROW()-ROW(OFFSET(F26,-1,))+IF(ISERROR(OFFSET(F26,-1,)*1),0,OFFSET(F26,-1,)) -> 14 | G26: Closing
E27: =SUM(E13:E26) -> 0.32638889
B30: NOTE: To move topics please cut the entire row, and use "insert cut cells" from the contect menu - not simple "paste"!
